Año,Trimestre,Provincia,Otros,Hasta 512 kbps,Entre 512 Kbps y 1 Mbps,Entre 1 Mbps y 6 Mbps,Entre 6 Mbps y 10 Mbps,Entre 20 Mbps y 30 Mbps,Entre 30 Mbps y 50 Mbps,Entre 50 Mbps y 100 Mbps,Entre 100 Mbps y 200 Mbps,Entre 200 Mbps y 500 Mbps,Más de 500 Mbps
2022.0,4.0,Buenos Aires,97634.0,28934.0,23347.0,21319.0,238547.0,817733.0,471371.0,1500382.0,239045.0,787871.0,42377.0
2022.0,4.0,Capital Federal,106772.0,516.0,5096.0,286.0,31034.0,61172.0,76893.0,537271.0,73822.0,541365.0,16710.0
2022.0,4.0,Catamarca,2280.0,71.0,315.0,115.0,2601.0,3122.0,30388.0,14136.0,42.0,8173.0,0.0
2022.0,4.0,Chaco,3909.0,461.0,796.0,780.0,15262.0,3050.0,27557.0,39097.0,1731.0,26422.0,48.0
2022.0,4.0,Chubut,20026.0,109.0,1614.0,5910.0,40547.0,16759.0,17508.0,524.0,1.0,26.0,0.0
2022.0,4.0,Córdoba,17610.0,99.0,9929.0,8338.0,135355.0,20818.0,202732.0,257313.0,473.0,225016.0,669.0
2022.0,4.0,Corrientes,7998.0,67.0,3282.0,2959.0,19688.0,3784.0,25838.0,30979.0,2041.0,26866.0,68.0
2022.0,4.0,Entre Ríos,0.0,107.0,4722.0,5452.0,40177.0,22501.0,34033.0,46874.0,1381.0,47981.0,119.0
2022.0,4.0,Formosa,698.0,84.0,245.0,1631.0,20827.0,314.0,980.0,7835.0,0.0,10093.0,18.0
2022.0,4.0,Jujuy,0.0,58.0,1763.0,1639.0,17013.0,335.0,35579.0,7387.0,3.0,3733.0,208.0
2022.0,4.0,La Pampa,16028.0,68.0,1687.0,3403.0,49215.0,4482.0,16547.0,2929.0,3.0,301.0,0.0
2022.0,4.0,La Rioja,0.0,18.0,595.0,8.0,2523.0,5031.0,35334.0,8700.0,137.0,6469.0,2.0
2022.0,4.0,Mendoza,21144.0,103.0,2954.0,4565.0,30976.0,61079.0,90793.0,20096.0,15.0,4085.0,4.0
2022.0,4.0,Misiones,8590.0,51.0,3510.0,11038.0,24584.0,3201.0,27087.0,41171.0,4514.0,28897.0,57.0
2022.0,4.0,Neuquén,2250.0,168.0,994.0,1677.0,37137.0,17391.0,11508.0,30181.0,241.0,31585.0,80.0
2022.0,4.0,Río Negro,29644.0,111.0,1081.0,2759.0,29294.0,12564.0,5393.0,27450.0,496.0,18702.0,225.0
2022.0,4.0,Salta,6747.0,114.0,1197.0,1537.0,29993.0,133.0,28238.0,31271.0,357.0,30019.0,114.0
2022.0,4.0,San Juan,11840.0,24.0,2027.0,1398.0,28671.0,18259.0,9503.0,402.0,0.0,15.0,0.0
2022.0,4.0,San Luis,3353.0,60.0,624.0,491.0,11294.0,78508.0,508.0,149.0,0.0,20.0,1548.0
2022.0,4.0,Santa Cruz,1048.0,51.0,6810.0,2106.0,9510.0,3243.0,5176.0,376.0,0.0,0.0,0.0
2022.0,4.0,Santa Fe,18340.0,468.0,9374.0,9620.0,106147.0,23042.0,129839.0,154142.0,12390.0,156307.0,257.0
2022.0,4.0,Santiago Del Estero,989.0,178.0,1267.0,687.0,25496.0,661.0,971.0,5521.0,0.0,7843.0,10.0
2022.0,4.0,Tierra Del Fuego,2264.0,22.0,902.0,1.0,11648.0,3647.0,1309.0,175.0,33.0,259.0,1.0
2022.0,4.0,Tucumán,15118.0,39.0,1562.0,118.0,29878.0,1375.0,59447.0,54845.0,4.0,39212.0,30.0
2022.0,3.0,Buenos Aires,97634.0,28934.0,23347.0,21319.0,238547.0,817733.0,471371.0,1500382.0,239045.0,787844.0,42376.0
2022.0,3.0,Capital Federal,106772.0,516.0,5096.0,286.0,31034.0,61172.0,76893.0,537271.0,73822.0,541365.0,16710.0
2022.0,3.0,Catamarca,2280.0,71.0,315.0,115.0,2601.0,3122.0,30388.0,14136.0,42.0,8173.0,0.0
2022.0,3.0,Chaco,3909.0,461.0,796.0,780.0,15262.0,3050.0,27557.0,39097.0,1731.0,26422.0,48.0
2022.0,3.0,Chubut,20026.0,109.0,1614.0,5910.0,40547.0,16759.0,17508.0,524.0,1.0,26.0,0.0
2022.0,3.0,Córdoba,17610.0,99.0,9929.0,8338.0,135355.0,20818.0,202732.0,257313.0,461.0,225016.0,669.0
2022.0,3.0,Corrientes,7998.0,67.0,3282.0,2959.0,19688.0,3784.0,25838.0,30979.0,2041.0,26866.0,68.0
2022.0,3.0,Entre Ríos,0.0,107.0,4722.0,5452.0,40177.0,22501.0,34033.0,46874.0,1381.0,47981.0,119.0
2022.0,3.0,Formosa,698.0,84.0,245.0,1631.0,20827.0,314.0,980.0,7835.0,0.0,10093.0,18.0
2022.0,3.0,Jujuy,0.0,58.0,1763.0,1639.0,17013.0,335.0,35579.0,7387.0,1.0,3733.0,208.0
2022.0,3.0,La Pampa,16028.0,68.0,1687.0,3403.0,49215.0,4482.0,16547.0,2929.0,3.0,301.0,0.0
2022.0,3.0,La Rioja,0.0,18.0,595.0,8.0,2523.0,5031.0,35334.0,8700.0,137.0,6469.0,2.0
2022.0,3.0,Mendoza,21144.0,103.0,2954.0,4565.0,30976.0,61079.0,90793.0,20096.0,15.0,4085.0,4.0
2022.0,3.0,Misiones,8590.0,51.0,3510.0,11038.0,24584.0,3201.0,27087.0,41171.0,4514.0,28897.0,57.0
2022.0,3.0,Neuquén,2250.0,168.0,994.0,1677.0,37137.0,17391.0,11508.0,30181.0,241.0,31585.0,80.0
2022.0,3.0,Río Negro,29644.0,111.0,1081.0,2759.0,29294.0,12564.0,5393.0,27450.0,148.0,18618.0,183.0
2022.0,3.0,Salta,6747.0,114.0,1197.0,1537.0,29993.0,133.0,28238.0,31271.0,357.0,30019.0,114.0
2022.0,3.0,San Juan,11840.0,24.0,2027.0,1398.0,28671.0,18259.0,9503.0,402.0,0.0,15.0,0.0
2022.0,3.0,San Luis,3353.0,60.0,624.0,491.0,11294.0,78508.0,508.0,149.0,0.0,20.0,1548.0
2022.0,3.0,Santa Cruz,1048.0,51.0,6810.0,2106.0,9510.0,3243.0,5176.0,376.0,0.0,0.0,0.0
2022.0,3.0,Santa Fe,18340.0,468.0,9374.0,9620.0,106147.0,23042.0,129839.0,154142.0,12390.0,156307.0,257.0
2022.0,3.0,Santiago Del Estero,989.0,178.0,1267.0,687.0,25496.0,661.0,971.0,5521.0,0.0,7843.0,10.0
2022.0,3.0,Tierra Del Fuego,2264.0,22.0,902.0,1.0,11648.0,3647.0,1309.0,175.0,33.0,259.0,1.0
2022.0,3.0,Tucumán,15118.0,39.0,1562.0,118.0,29878.0,1375.0,59447.0,54845.0,4.0,39212.0,30.0
2022.0,2.0,Buenos Aires,65849.0,30639.0,28323.0,24534.0,270704.0,848932.0,1001167.0,1501057.0,126386.0,173632.0,14452.0
2022.0,2.0,Capital Federal,105607.0,517.0,5980.0,334.0,35702.0,84627.0,407125.0,587349.0,49811.0,120082.0,11831.0
2022.0,2.0,Catamarca,2207.0,71.0,413.0,115.0,3563.0,3393.0,27440.0,14685.0,42.0,1759.0,0.0
2022.0,2.0,Chaco,3708.0,461.0,1072.0,780.0,16798.0,15985.0,46077.0,26030.0,0.0,4113.0,40.0
2022.0,2.0,Chubut,20021.0,109.0,1444.0,5486.0,40318.0,15515.0,14056.0,323.0,1.0,25.0,0.0
2022.0,2.0,Córdoba,13426.0,99.0,11971.0,9199.0,151300.0,28772.0,361400.0,225573.0,529.0,31322.0,449.0
2022.0,2.0,Corrientes,7107.0,67.0,3937.0,2959.0,21294.0,21733.0,28845.0,22570.0,0.0,3589.0,53.0
2022.0,2.0,Entre Ríos,16759.0,107.0,5656.0,4659.0,43978.0,32373.0,56221.0,37479.0,1.0,4973.0,77.0
2022.0,2.0,Formosa,590.0,97.0,407.0,1896.0,21938.0,595.0,7604.0,7608.0,0.0,1094.0,16.0
2022.0,2.0,Jujuy,2453.0,58.0,1829.0,1637.0,17821.0,549.0,29231.0,7309.0,1.0,644.0,206.0
2022.0,2.0,La Pampa,3012.0,68.0,1887.0,3943.0,58603.0,5250.0,14927.0,2132.0,39.0,24.0,0.0
2022.0,2.0,La Rioja,0.0,18.0,728.0,8.0,3171.0,5483.0,36890.0,11417.0,137.0,473.0,1.0
2022.0,2.0,Mendoza,3940.0,103.0,2954.0,4707.0,40254.0,65713.0,58259.0,14992.0,16.0,1927.0,2.0
2022.0,2.0,Misiones,8350.0,51.0,3808.0,11079.0,26175.0,19776.0,39383.0,28155.0,3852.0,3648.0,50.0
2022.0,2.0,Neuquén,18717.0,134.0,999.0,1561.0,37265.0,13691.0,35884.0,24172.0,196.0,5016.0,62.0
2022.0,2.0,Río Negro,24270.0,111.0,1227.0,2935.0,30429.0,18943.0,19634.0,14702.0,147.0,2086.0,174.0
2022.0,2.0,Salta,6494.0,114.0,1530.0,1553.0,32179.0,1171.0,48787.0,28182.0,0.0,4472.0,22.0
2022.0,2.0,San Juan,11617.0,24.0,2027.0,1405.0,28980.0,13799.0,6218.0,399.0,0.0,13.0,0.0
2022.0,2.0,San Luis,14815.0,60.0,306.0,100.0,6740.0,67440.0,11.0,0.0,0.0,0.0,0.0
2022.0,2.0,Santa Cruz,644.0,52.0,6841.0,2299.0,10049.0,2461.0,3331.0,254.0,0.0,0.0,0.0
2022.0,2.0,Santa Fe,17584.0,468.0,11757.0,9722.0,128812.0,58257.0,211725.0,142816.0,967.0,18040.0,197.0
2022.0,2.0,Santiago Del Estero,792.0,178.0,1401.0,687.0,28894.0,883.0,4283.0,5882.0,0.0,503.0,4.0
2022.0,2.0,Tierra Del Fuego,3351.0,22.0,831.0,1.0,12051.0,1747.0,845.0,92.0,33.0,0.0,1.0
2022.0,2.0,Tucumán,281.0,39.0,2195.0,119.0,34342.0,4863.0,81870.0,58053.0,4.0,5599.0,15.0
2022.0,1.0,Buenos Aires,26280.0,31591.0,30056.0,25142.0,288240.0,841241.0,1012125.0,1417587.0,106367.0,152661.0,12251.0
2022.0,1.0,Capital Federal,1717.0,527.0,5575.0,316.0,39602.0,93264.0,420964.0,559483.0,44048.0,104255.0,9347.0
2022.0,1.0,Catamarca,2207.0,71.0,456.0,144.0,4242.0,3761.0,21877.0,12464.0,42.0,1332.0,0.0
2022.0,1.0,Chaco,7580.0,461.0,1124.0,1007.0,15856.0,13023.0,36106.0,23289.0,0.0,3540.0,0.0
2022.0,1.0,Chubut,15607.0,113.0,1677.0,5624.0,55745.0,14484.0,13134.0,282.0,1.0,25.0,0.0
2022.0,1.0,Córdoba,13104.0,100.0,12782.0,9637.0,156298.0,35027.0,348823.0,201536.0,559.0,25949.0,25.0
2022.0,1.0,Corrientes,7094.0,67.0,4029.0,2959.0,21604.0,10466.0,20297.0,20220.0,0.0,3100.0,0.0
2022.0,1.0,Entre Ríos,16750.0,107.0,5745.0,4656.0,45419.0,21596.0,44247.0,33351.0,1.0,4140.0,0.0
2022.0,1.0,Formosa,588.0,97.0,448.0,1951.0,22162.0,720.0,7281.0,6829.0,0.0,914.0,0.0
2022.0,1.0,Jujuy,2442.0,58.0,1761.0,3996.0,18145.0,576.0,27838.0,6746.0,1.0,502.0,200.0
2022.0,1.0,La Pampa,2833.0,301.0,2223.0,3885.0,58927.0,5256.0,12719.0,1628.0,36.0,11.0,0.0
2022.0,1.0,La Rioja,0.0,18.0,778.0,6.0,3570.0,5647.0,35483.0,9990.0,137.0,358.0,0.0
2022.0,1.0,Mendoza,3287.0,114.0,3355.0,4708.0,46522.0,59598.0,41469.0,13982.0,13.0,1550.0,2.0
2022.0,1.0,Misiones,8349.0,51.0,3873.0,11079.0,24576.0,15873.0,27271.0,24521.0,3852.0,2947.0,0.0
2022.0,1.0,Neuquén,7885.0,137.0,1123.0,1643.0,38213.0,13952.0,33497.0,22046.0,52.0,4345.0,0.0
2022.0,1.0,Río Negro,22652.0,116.0,1383.0,2951.0,32614.0,16437.0,20127.0,13310.0,148.0,1701.0,150.0
2022.0,1.0,Salta,6489.0,114.0,1725.0,1400.0,34176.0,2229.0,48006.0,25214.0,0.0,3603.0,0.0
2022.0,1.0,San Juan,2465.0,26.0,2269.0,1484.0,30872.0,11818.0,1774.0,399.0,0.0,13.0,0.0
2022.0,1.0,San Luis,28589.0,61.0,643.0,664.0,7623.0,68617.0,7.0,1.0,0.0,0.0,0.0
2022.0,1.0,Santa Cruz,485.0,51.0,6898.0,2339.0,10371.0,2639.0,2326.0,214.0,0.0,0.0,0.0
2022.0,1.0,Santa Fe,18444.0,468.0,12435.0,9857.0,133939.0,58169.0,200618.0,127889.0,968.0,14543.0,1.0
2022.0,1.0,Santiago Del Estero,792.0,178.0,1401.0,3615.0,26605.0,849.0,3589.0,4372.0,0.0,348.0,0.0
2022.0,1.0,Tierra Del Fuego,2421.0,24.0,894.0,1.0,12848.0,1797.0,845.0,77.0,29.0,0.0,1.0
2022.0,1.0,Tucumán,273.0,39.0,2212.0,112.0,35916.0,5211.0,76586.0,52958.0,4.0,4296.0,2.0
2021.0,4.0,Buenos Aires,22958.0,37821.0,33049.0,25327.0,305600.0,849256.0,1013305.0,1354918.0,92865.0,133656.0,11814.0
2021.0,4.0,Capital Federal,0.0,563.0,5919.0,323.0,42586.0,114933.0,433730.0,528313.0,40097.0,89221.0,8400.0
2021.0,4.0,Catamarca,2233.0,71.0,457.0,145.0,5436.0,3262.0,17813.0,11025.0,42.0,947.0,0.0
2021.0,4.0,Chaco,7585.0,461.0,1194.0,1007.0,16756.0,13703.0,35403.0,20157.0,0.0,2864.0,0.0
2021.0,4.0,Chubut,15763.0,126.0,1954.0,6667.0,56371.0,6302.0,2226.0,155.0,1.0,0.0,0.0
2021.0,4.0,Córdoba,12607.0,100.0,13747.0,10568.0,162725.0,41333.0,343947.0,172906.0,552.0,21136.0,24.0
2021.0,4.0,Corrientes,7082.0,67.0,4094.0,3029.0,22352.0,10101.0,19860.0,17519.0,0.0,2518.0,0.0
2021.0,4.0,Entre Ríos,16583.0,107.0,5865.0,5753.0,47449.0,24086.0,45133.0,28756.0,1.0,3382.0,0.0
2021.0,4.0,Formosa,1967.0,84.0,491.0,1131.0,21286.0,1139.0,7145.0,5897.0,0.0,729.0,0.0
2021.0,4.0,Jujuy,2324.0,58.0,1706.0,3270.0,17645.0,564.0,26509.0,6279.0,1.0,432.0,200.0
2021.0,4.0,La Pampa,3027.0,301.0,2229.0,3507.0,59597.0,4827.0,10959.0,1182.0,26.0,11.0,0.0
2021.0,4.0,La Rioja,0.0,18.0,638.0,302.0,4079.0,5673.0,34138.0,8849.0,137.0,298.0,0.0
2021.0,4.0,Mendoza,366.0,156.0,4385.0,4805.0,58701.0,51225.0,31824.0,9338.0,14.0,1248.0,3.0
2021.0,4.0,Misiones,8335.0,51.0,4154.0,12191.0,25576.0,15973.0,26831.0,21640.0,3849.0,2256.0,1.0
2021.0,4.0,Neuquén,7767.0,140.0,1190.0,2555.0,39508.0,14361.0,35508.0,19282.0,45.0,3331.0,0.0
2021.0,4.0,Río Negro,22645.0,156.0,1488.0,3008.0,35051.0,5784.0,21892.0,11371.0,105.0,1120.0,0.0
2021.0,4.0,Salta,6475.0,114.0,1730.0,1401.0,37562.0,3550.0,47350.0,22340.0,0.0,2917.0,0.0
2021.0,4.0,San Juan,4435.0,44.0,2428.0,1588.0,26332.0,9933.0,158.0,107.0,0.0,0.0,0.0
2021.0,4.0,San Luis,29218.0,62.0,686.0,664.0,7464.0,67368.0,4.0,0.0,0.0,0.0,0.0
2021.0,4.0,Santa Cruz,491.0,52.0,6920.0,2657.0,11025.0,1784.0,746.0,116.0,0.0,0.0,0.0
2021.0,4.0,Santa Fe,18777.0,467.0,13210.0,11322.0,145755.0,62500.0,197171.0,112906.0,859.0,10927.0,1.0
2021.0,4.0,Santiago Del Estero,793.0,178.0,1414.0,3615.0,27795.0,800.0,3427.0,3790.0,0.0,320.0,0.0
2021.0,4.0,Tierra Del Fuego,2580.0,26.0,385.0,1.0,13504.0,1785.0,875.0,80.0,24.0,0.0,1.0
2021.0,4.0,Tucumán,240.0,39.0,2220.0,128.0,35070.0,5326.0,75535.0,46538.0,1.0,3783.0,0.0
2021.0,3.0,Buenos Aires,9728.0,37193.0,54771.0,23114.0,1062204.0,193861.0,993144.0,1280110.0,72716.0,123665.0,11567.0
2021.0,3.0,Capital Federal,0.0,295.0,4941.0,345.0,152295.0,74780.0,451499.0,499083.0,33528.0,82572.0,7269.0
2021.0,3.0,Catamarca,2206.0,71.0,468.0,293.0,5994.0,1659.0,16078.0,9770.0,42.0,726.0,2.0
2021.0,3.0,Chaco,7958.0,301.0,1266.0,1007.0,20384.0,14423.0,31733.0,15557.0,0.0,2386.0,18.0
2021.0,3.0,Chubut,14907.0,104.0,906.0,4917.0,83450.0,5320.0,1491.0,151.0,1.0,0.0,0.0
2021.0,3.0,Córdoba,9256.0,99.0,15256.0,13169.0,179030.0,47331.0,316122.0,142895.0,79.0,17193.0,37.0
2021.0,3.0,Corrientes,5053.0,67.0,4189.0,2949.0,23136.0,9701.0,19653.0,13630.0,0.0,2170.0,1.0
2021.0,3.0,Entre Ríos,12755.0,107.0,5953.0,5710.0,52715.0,16302.0,41663.0,23449.0,1.0,2821.0,9.0
2021.0,3.0,Formosa,1617.0,381.0,540.0,1190.0,21048.0,1196.0,6995.0,5109.0,0.0,599.0,0.0
2021.0,3.0,Jujuy,2401.0,48.0,1699.0,3288.0,19072.0,561.0,24127.0,5289.0,1.0,292.0,208.0
2021.0,3.0,La Pampa,4152.0,298.0,2282.0,4113.0,58981.0,4023.0,9570.0,928.0,0.0,8.0,0.0
2021.0,3.0,La Rioja,0.0,18.0,672.0,303.0,4392.0,4870.0,34157.0,8069.0,138.0,247.0,0.0
2021.0,3.0,Mendoza,50.0,36.0,1708.0,4156.0,146038.0,7609.0,15799.0,4703.0,15.0,533.0,24.0
2021.0,3.0,Misiones,8279.0,51.0,4371.0,12204.0,25362.0,14811.0,26286.0,14128.0,1.0,1853.0,4.0
2021.0,3.0,Neuquén,5579.0,112.0,624.0,2581.0,54563.0,3669.0,36526.0,18257.0,11.0,3087.0,0.0
2021.0,3.0,Río Negro,20009.0,125.0,1189.0,3465.0,64894.0,2295.0,22660.0,10375.0,2.0,961.0,0.0
2021.0,3.0,Salta,6327.0,101.0,1791.0,1726.0,37934.0,3893.0,46903.0,17787.0,0.0,2305.0,0.0
2021.0,3.0,San Juan,4641.0,18.0,1333.0,1626.0,57247.0,340.0,159.0,107.0,10.0,0.0,0.0
2021.0,3.0,San Luis,29392.0,60.0,439.0,667.0,10446.0,67944.0,3.0,1.0,1.0,0.0,15.0
2021.0,3.0,Santa Cruz,735.0,50.0,6656.0,2661.0,21244.0,1788.0,548.0,116.0,0.0,14.0,0.0
2021.0,3.0,Santa Fe,16267.0,467.0,14354.0,11579.0,167853.0,55231.0,186899.0,94471.0,790.0,8443.0,39.0
2021.0,3.0,Santiago Del Estero,898.0,123.0,1463.0,3617.0,28581.0,801.0,3255.0,3366.0,0.0,240.0,2.0
2021.0,3.0,Tierra Del Fuego,895.0,17.0,83.0,5.0,23635.0,1433.0,882.0,75.0,18.0,0.0,1.0
2021.0,3.0,Tucumán,164.0,32.0,2356.0,42.0,37145.0,5300.0,71123.0,41178.0,1.0,2844.0,8.0
2021.0,2.0,Buenos Aires,9108.0,37192.0,56465.0,23626.0,1047136.0,237961.0,1276273.0,920937.0,14132.0,116822.0,8376.0
2021.0,2.0,Capital Federal,66.0,294.0,5134.0,338.0,152689.0,87933.0,546904.0,391954.0,14136.0,77974.0,5506.0
2021.0,2.0,Catamarca,2206.0,71.0,503.0,278.0,6438.0,4941.0,16191.0,8465.0,42.0,688.0,2.0
2021.0,2.0,Chaco,7958.0,301.0,1362.0,1008.0,21186.0,16080.0,31423.0,13493.0,0.0,2294.0,18.0
2021.0,2.0,Chubut,5172.0,104.0,929.0,4916.0,83899.0,3896.0,1002.0,109.0,1.0,0.0,0.0
2021.0,2.0,Córdoba,9925.0,99.0,15691.0,13676.0,174856.0,70957.0,308510.0,118319.0,79.0,15278.0,38.0
2021.0,2.0,Corrientes,5053.0,67.0,4329.0,1721.0,24014.0,10073.0,20318.0,10450.0,0.0,1914.0,1.0
2021.0,2.0,Entre Ríos,16077.0,107.0,6075.0,6387.0,54080.0,18502.0,41139.0,17992.0,1.0,2446.0,9.0
2021.0,2.0,Formosa,1618.0,381.0,570.0,1250.0,20544.0,1345.0,6852.0,3758.0,0.0,463.0,0.0
2021.0,2.0,Jujuy,2401.0,48.0,1722.0,3288.0,19347.0,607.0,24299.0,5164.0,1.0,278.0,208.0
2021.0,2.0,La Pampa,4062.0,298.0,2490.0,4306.0,57904.0,3399.0,8547.0,759.0,0.0,5.0,0.0
2021.0,2.0,La Rioja,19.0,18.0,691.0,303.0,4319.0,4827.0,34132.0,7662.0,138.0,224.0,0.0
2021.0,2.0,Mendoza,50.0,36.0,1729.0,4158.0,131606.0,4416.0,15726.0,4387.0,13.0,522.0,25.0
2021.0,2.0,Misiones,8279.0,51.0,4411.0,11898.0,25339.0,16191.0,25962.0,10734.0,1.0,1588.0,4.0
2021.0,2.0,Neuquén,5645.0,112.0,648.0,2584.0,54808.0,5981.0,35534.0,15683.0,0.0,2753.0,0.0
2021.0,2.0,Río Negro,20009.0,125.0,1211.0,3466.0,65236.0,3880.0,22011.0,8705.0,3.0,756.0,0.0
2021.0,2.0,Salta,6328.0,101.0,1820.0,1727.0,39016.0,9669.0,42116.0,14670.0,0.0,2081.0,0.0
2021.0,2.0,San Juan,4641.0,18.0,1333.0,1634.0,57355.0,342.0,159.0,107.0,10.0,0.0,0.0
2021.0,2.0,San Luis,36917.0,60.0,439.0,667.0,10646.0,65948.0,3.0,1.0,1.0,0.0,15.0
2021.0,2.0,Santa Cruz,735.0,50.0,6656.0,2661.0,21278.0,1575.0,546.0,116.0,0.0,14.0,0.0
2021.0,2.0,Santa Fe,15371.0,467.0,13997.0,12057.0,176860.0,75346.0,175286.0,78528.0,790.0,7330.0,39.0
2021.0,2.0,Santiago Del Estero,1566.0,123.0,1511.0,3620.0,27812.0,811.0,3258.0,2610.0,0.0,194.0,2.0
2021.0,2.0,Tierra Del Fuego,1483.0,17.0,87.0,5.0,21243.0,476.0,858.0,29.0,1.0,0.0,1.0
2021.0,2.0,Tucumán,2680.0,32.0,2890.0,141.0,37290.0,5022.0,69805.0,37209.0,0.0,2598.0,4.0
2021.0,1.0,Buenos Aires,10867.0,36939.0,57057.0,24268.0,1058230.0,222095.0,1274830.0,845181.0,14090.0,104736.0,7442.0
2021.0,1.0,Capital Federal,126.0,135.0,5067.0,336.0,154503.0,83261.0,567648.0,349190.0,14136.0,68187.0,3874.0
2021.0,1.0,Catamarca,2196.0,71.0,612.0,278.0,6533.0,712.0,14899.0,7530.0,0.0,565.0,2.0
2021.0,1.0,Chaco,8384.0,301.0,2403.0,1150.0,20916.0,14496.0,29360.0,11152.0,0.0,1932.0,18.0
2021.0,1.0,Chubut,4390.0,106.0,934.0,4716.0,81445.0,2844.0,1002.0,109.0,1.0,0.0,0.0
2021.0,1.0,Córdoba,12677.0,93.0,16049.0,13966.0,184184.0,71992.0,307471.0,83213.0,79.0,11382.0,38.0
2021.0,1.0,Corrientes,5453.0,67.0,4395.0,1637.0,26039.0,9001.0,18572.0,7584.0,0.0,1484.0,1.0
2021.0,1.0,Entre Ríos,12826.0,105.0,6549.0,5124.0,58493.0,15774.0,39975.0,12841.0,1.0,1775.0,8.0
2021.0,1.0,Formosa,1942.0,56.0,656.0,1878.0,19875.0,1215.0,6733.0,2560.0,0.0,286.0,0.0
2021.0,1.0,Jujuy,2378.0,49.0,1395.0,2954.0,19561.0,568.0,19867.0,4785.0,0.0,204.0,753.0
2021.0,1.0,La Pampa,2424.0,298.0,2949.0,4764.0,61041.0,2786.0,6936.0,431.0,0.0,1.0,0.0
2021.0,1.0,La Rioja,0.0,18.0,670.0,1.0,36078.0,215.0,2456.0,2561.0,1.0,56.0,0.0
2021.0,1.0,Mendoza,44.0,28.0,1725.0,2756.0,129945.0,4071.0,12661.0,3537.0,14.0,368.0,25.0
2021.0,1.0,Misiones,8256.0,51.0,4882.0,8857.0,27734.0,14050.0,24111.0,7705.0,1.0,1132.0,4.0
2021.0,1.0,Neuquén,5758.0,116.0,526.0,2220.0,53752.0,5685.0,35562.0,12982.0,0.0,2288.0,0.0
2021.0,1.0,Río Negro,20103.0,125.0,1134.0,3367.0,65976.0,3647.0,22101.0,7048.0,2.0,433.0,0.0
2021.0,1.0,Salta,6319.0,109.0,2560.0,1341.0,36904.0,8139.0,41684.0,11616.0,0.0,1589.0,0.0
2021.0,1.0,San Juan,4641.0,25.0,1192.0,1937.0,57504.0,340.0,159.0,107.0,10.0,0.0,0.0
2021.0,1.0,San Luis,36917.0,58.0,439.0,667.0,10783.0,62915.0,3.0,1.0,1.0,0.0,15.0
2021.0,1.0,Santa Cruz,0.0,50.0,6688.0,2661.0,19361.0,1337.0,522.0,111.0,0.0,14.0,0.0
2021.0,1.0,Santa Fe,24382.0,518.0,14455.0,9161.0,178907.0,65484.0,171308.0,59489.0,531.0,5549.0,39.0
2021.0,1.0,Santiago Del Estero,4144.0,123.0,1823.0,4878.0,28092.0,700.0,2982.0,1803.0,0.0,81.0,2.0
2021.0,1.0,Tierra Del Fuego,11836.0,17.0,94.0,5.0,21280.0,486.0,892.0,25.0,1.0,0.0,1.0
2021.0,1.0,Tucumán,2680.0,29.0,3157.0,141.0,39609.0,4188.0,67893.0,33614.0,0.0,1929.0,1.0
2020.0,4.0,Buenos Aires,9016.0,36939.0,58229.0,24135.0,1058698.0,213622.0,1221771.0,830829.0,14088.0,102497.0,7023.0
2020.0,4.0,Capital Federal,268.0,135.0,5193.0,337.0,154924.0,80275.0,573377.0,342491.0,14136.0,66773.0,3290.0
2020.0,4.0,Catamarca,2309.0,71.0,635.0,278.0,7930.0,591.0,12502.0,7338.0,0.0,564.0,2.0
2020.0,4.0,Chaco,7965.0,301.0,2455.0,1150.0,21289.0,15701.0,28481.0,10604.0,0.0,1856.0,8.0
2020.0,4.0,Chubut,4402.0,106.0,884.0,5175.0,82207.0,2818.0,1002.0,109.0,1.0,0.0,0.0
2020.0,4.0,Córdoba,13568.0,119.0,16318.0,14170.0,186875.0,70021.0,295800.0,77513.0,74.0,10757.0,17.0
2020.0,4.0,Corrientes,4985.0,67.0,4230.0,1796.0,26401.0,9383.0,18193.0,7220.0,0.0,1375.0,1.0
2020.0,4.0,Entre Ríos,14654.0,105.0,6681.0,5185.0,56704.0,16600.0,39281.0,12171.0,1.0,1660.0,28.0
2020.0,4.0,Formosa,1680.0,56.0,704.0,1925.0,20911.0,1197.0,6370.0,2355.0,0.0,221.0,0.0
2020.0,4.0,Jujuy,2811.0,49.0,1443.0,2954.0,19557.0,446.0,13930.0,4425.0,1.0,173.0,753.0
2020.0,4.0,La Pampa,2520.0,298.0,2954.0,4786.0,62998.0,2396.0,5994.0,263.0,0.0,0.0,0.0
2020.0,4.0,La Rioja,0.0,18.0,688.0,0.0,36219.0,181.0,2392.0,2538.0,1.0,48.0,0.0
2020.0,4.0,Mendoza,2570.0,28.0,1834.0,2761.0,141757.0,3388.0,8341.0,2860.0,11.0,312.0,23.0
2020.0,4.0,Misiones,7001.0,51.0,3956.0,7903.0,28653.0,14810.0,23830.0,7349.0,1.0,1080.0,4.0
2020.0,4.0,Neuquén,5720.0,116.0,557.0,2220.0,53984.0,5501.0,35775.0,12809.0,0.0,2184.0,0.0
2020.0,4.0,Río Negro,20146.0,125.0,1141.0,3367.0,66263.0,3517.0,22189.0,6784.0,2.0,392.0,0.0
2020.0,4.0,Salta,6319.0,109.0,2872.0,1341.0,37744.0,8291.0,34472.0,10846.0,0.0,1379.0,0.0
2020.0,4.0,San Juan,4588.0,25.0,1460.0,1568.0,58482.0,332.0,158.0,107.0,10.0,0.0,0.0
2020.0,4.0,San Luis,36918.0,58.0,451.0,667.0,12902.0,62241.0,3.0,1.0,1.0,0.0,15.0
2020.0,4.0,Santa Cruz,758.0,47.0,5375.0,1646.0,20152.0,1033.0,522.0,111.0,0.0,14.0,0.0
2020.0,4.0,Santa Fe,23602.0,518.0,15534.0,9360.0,182369.0,65153.0,165014.0,55537.0,531.0,5117.0,39.0
2020.0,4.0,Santiago Del Estero,3932.0,123.0,1867.0,3649.0,29911.0,411.0,2689.0,1761.0,0.0,68.0,2.0
2020.0,4.0,Tierra Del Fuego,6690.0,17.0,98.0,7.0,21776.0,488.0,903.0,18.0,0.0,0.0,1.0
2020.0,4.0,Tucumán,2680.0,29.0,3251.0,141.0,40800.0,4105.0,58625.0,33136.0,0.0,1832.0,1.0
2020.0,3.0,Buenos Aires,19853.0,37542.0,59171.0,25480.0,1060686.0,194282.0,1200762.0,785204.0,250.0,96046.0,3519.0
2020.0,3.0,Capital Federal,247.0,264.0,5419.0,387.0,156728.0,78034.0,578137.0,329150.0,8982.0,60205.0,1286.0
2020.0,3.0,Catamarca,2154.0,63.0,669.0,264.0,7343.0,562.0,11736.0,6638.0,0.0,512.0,0.0
2020.0,3.0,Chaco,7194.0,308.0,2761.0,1737.0,20289.0,13751.0,27729.0,9474.0,0.0,1526.0,0.0
2020.0,3.0,Chubut,3942.0,158.0,968.0,5217.0,81483.0,2818.0,999.0,110.0,1.0,0.0,0.0
2020.0,3.0,Córdoba,11728.0,168.0,16954.0,14280.0,190429.0,63831.0,285453.0,67372.0,39.0,8146.0,3.0
2020.0,3.0,Corrientes,5020.0,72.0,6876.0,2277.0,26564.0,8615.0,17788.0,6523.0,0.0,1033.0,0.0
2020.0,3.0,Entre Ríos,15759.0,130.0,6668.0,4802.0,58089.0,14377.0,37676.0,10527.0,2.0,1190.0,0.0
2020.0,3.0,Formosa,1737.0,391.0,1698.0,1426.0,20190.0,991.0,6058.0,2047.0,0.0,114.0,0.0
2020.0,3.0,Jujuy,3065.0,55.0,7031.0,5488.0,19794.0,293.0,10667.0,3692.0,1.0,133.0,745.0
2020.0,3.0,La Pampa,4029.0,293.0,3193.0,4575.0,59737.0,2189.0,5333.0,148.0,841.0,0.0,0.0
2020.0,3.0,La Rioja,2.0,21.0,705.0,0.0,36401.0,124.0,2224.0,2495.0,0.0,29.0,0.0
2020.0,3.0,Mendoza,45.0,58.0,1665.0,2488.0,137291.0,3458.0,6265.0,1760.0,0.0,202.0,0.0
2020.0,3.0,Misiones,8779.0,71.0,4310.0,7881.0,27338.0,13663.0,23492.0,6703.0,1.0,790.0,1.0
2020.0,3.0,Neuquén,803.0,218.0,813.0,2404.0,57573.0,5457.0,36663.0,11020.0,0.0,1748.0,0.0
2020.0,3.0,Río Negro,19093.0,114.0,1137.0,3977.0,64338.0,3482.0,22667.0,5627.0,2.0,165.0,0.0
2020.0,3.0,Salta,14996.0,129.0,6087.0,363.0,26844.0,7928.0,33452.0,9354.0,0.0,967.0,0.0
2020.0,3.0,San Juan,4150.0,48.0,3685.0,3257.0,58778.0,41.0,80.0,48.0,0.0,0.0,0.0
2020.0,3.0,San Luis,36917.0,105.0,402.0,664.0,11133.0,61321.0,3.0,3.0,0.0,0.0,0.0
2020.0,3.0,Santa Cruz,833.0,66.0,5415.0,1674.0,19799.0,629.0,107.0,13.0,0.0,0.0,0.0
2020.0,3.0,Santa Fe,27001.0,568.0,16309.0,9867.0,188418.0,58805.0,158418.0,47904.0,512.0,3719.0,1.0
2020.0,3.0,Santiago Del Estero,4801.0,133.0,1871.0,2688.0,29637.0,292.0,2343.0,1607.0,0.0,44.0,0.0
2020.0,3.0,Tierra Del Fuego,6992.0,11.0,97.0,4.0,21993.0,481.0,922.0,14.0,0.0,0.0,1.0
2020.0,3.0,Tucumán,2637.0,52.0,3594.0,141.0,42275.0,3246.0,51232.0,31368.0,0.0,1595.0,0.0
2020.0,2.0,Buenos Aires,21233.0,37542.0,59342.0,25232.0,1076268.0,189029.0,1052608.0,761373.0,127.0,78617.0,1707.0
2020.0,2.0,Capital Federal,687.0,264.0,5800.0,395.0,160591.0,80166.0,563129.0,312967.0,8938.0,49392.0,1049.0
2020.0,2.0,Catamarca,3176.0,63.0,730.0,263.0,7808.0,426.0,10217.0,5908.0,0.0,453.0,0.0
2020.0,2.0,Chaco,6969.0,308.0,3633.0,988.0,20657.0,12082.0,25044.0,7125.0,0.0,1142.0,0.0
2020.0,2.0,Chubut,3999.0,158.0,929.0,5074.0,63684.0,1473.0,613.0,1.0,0.0,0.0,0.0
2020.0,2.0,Córdoba,8971.0,168.0,17541.0,14476.0,191391.0,63224.0,270585.0,48902.0,39.0,5706.0,3.0
2020.0,2.0,Corrientes,5020.0,72.0,6938.0,1296.0,26535.0,7898.0,16463.0,5201.0,0.0,754.0,0.0
2020.0,2.0,Entre Ríos,14569.0,130.0,7625.0,4167.0,58645.0,12856.0,34828.0,7808.0,2.0,753.0,0.0
2020.0,2.0,Formosa,1313.0,391.0,1881.0,1465.0,20339.0,961.0,5792.0,1641.0,0.0,42.0,0.0
2020.0,2.0,Jujuy,16557.0,55.0,7114.0,3218.0,20398.0,209.0,6030.0,3290.0,1.0,96.0,0.0
2020.0,2.0,La Pampa,1123.0,293.0,3203.0,5977.0,62848.0,1657.0,3377.0,0.0,0.0,0.0,0.0
2020.0,2.0,La Rioja,2.0,21.0,701.0,0.0,36675.0,73.0,1976.0,2339.0,0.0,21.0,0.0
2020.0,2.0,Mendoza,2450.0,58.0,1664.0,2491.0,138138.0,3258.0,4214.0,1063.0,0.0,135.0,0.0
2020.0,2.0,Misiones,8646.0,71.0,4350.0,7881.0,28160.0,12305.0,22994.0,5185.0,1.0,582.0,1.0
2020.0,2.0,Neuquén,0.0,218.0,803.0,2406.0,58289.0,5304.0,36326.0,8806.0,0.0,1292.0,0.0
2020.0,2.0,Río Negro,17057.0,114.0,1129.0,3977.0,66177.0,3273.0,22478.0,4370.0,2.0,76.0,0.0
2020.0,2.0,Salta,6531.0,129.0,6177.0,804.0,35334.0,7741.0,31070.0,7903.0,0.0,621.0,0.0
2020.0,2.0,San Juan,4430.0,48.0,697.0,1158.0,57452.0,40.0,80.0,47.0,0.0,0.0,0.0
2020.0,2.0,San Luis,35992.0,105.0,386.0,664.0,10389.0,60891.0,3.0,3.0,0.0,0.0,0.0
2020.0,2.0,Santa Cruz,493.0,66.0,5415.0,1674.0,19849.0,546.0,106.0,13.0,0.0,0.0,0.0
2020.0,2.0,Santa Fe,20193.0,568.0,17111.0,9171.0,188833.0,57244.0,148168.0,38181.0,512.0,2603.0,1.0
2020.0,2.0,Santiago Del Estero,4516.0,133.0,2777.0,2111.0,29448.0,247.0,1920.0,1392.0,0.0,16.0,0.0
2020.0,2.0,Tierra Del Fuego,7446.0,11.0,102.0,0.0,22223.0,391.0,796.0,0.0,0.0,0.0,0.0
2020.0,2.0,Tucumán,2635.0,52.0,3509.0,28.0,45588.0,2246.0,44289.0,28810.0,0.0,1278.0,0.0
2020.0,1.0,Buenos Aires,28935.0,38215.0,61004.0,22681.0,1075151.0,205814.0,956141.0,771071.0,112.0,73588.0,1637.0
2020.0,1.0,Capital Federal,0.0,264.0,6151.0,412.0,163400.0,85905.0,546678.0,304387.0,8936.0,44934.0,1068.0
2020.0,1.0,Catamarca,2151.0,63.0,782.0,263.0,7793.0,408.0,6796.0,3119.0,0.0,384.0,0.0
2020.0,1.0,Chaco,6917.0,308.0,2770.0,688.0,20761.0,10416.0,22234.0,5435.0,0.0,870.0,0.0
2020.0,1.0,Chubut,4500.0,158.0,935.0,5749.0,63011.0,1240.0,613.0,1.0,0.0,0.0,0.0
2020.0,1.0,Córdoba,9802.0,142.0,18717.0,14592.0,189048.0,65741.0,252030.0,40353.0,39.0,4442.0,3.0
2020.0,1.0,Corrientes,4780.0,72.0,6222.0,710.0,27074.0,7351.0,15014.0,3890.0,0.0,563.0,0.0
2020.0,1.0,Entre Ríos,13762.0,130.0,8133.0,4176.0,64052.0,11988.0,33019.0,6264.0,2.0,509.0,0.0
2020.0,1.0,Formosa,100.0,1127.0,2156.0,1469.0,20478.0,964.0,5542.0,1358.0,0.0,18.0,0.0
2020.0,1.0,Jujuy,16545.0,55.0,7146.0,5604.0,20552.0,166.0,4316.0,2988.0,1.0,44.0,0.0
2020.0,1.0,La Pampa,1618.0,293.0,3210.0,5978.0,64363.0,1342.0,2031.0,9.0,73.0,0.0,0.0
2020.0,1.0,La Rioja,0.0,21.0,641.0,0.0,36569.0,22.0,120.0,1174.0,0.0,0.0,0.0
2020.0,1.0,Mendoza,0.0,58.0,1705.0,2071.0,136674.0,2870.0,2978.0,730.0,0.0,100.0,0.0
2020.0,1.0,Misiones,10885.0,71.0,3342.0,470.0,33334.0,11581.0,21550.0,4318.0,0.0,445.0,0.0
2020.0,1.0,Neuquén,0.0,218.0,807.0,2832.0,56840.0,5407.0,35321.0,7397.0,0.0,1012.0,0.0
2020.0,1.0,Río Negro,17719.0,114.0,1158.0,4103.0,64359.0,3226.0,21795.0,3633.0,1.0,32.0,0.0
2020.0,1.0,Salta,6441.0,129.0,2715.0,806.0,35530.0,8625.0,27702.0,6703.0,0.0,339.0,0.0
2020.0,1.0,San Juan,4779.0,48.0,697.0,815.0,58469.0,40.0,80.0,47.0,0.0,0.0,0.0
2020.0,1.0,San Luis,36075.0,105.0,386.0,564.0,10372.0,58260.0,0.0,3.0,0.0,0.0,0.0
2020.0,1.0,Santa Cruz,0.0,67.0,5414.0,1973.0,20071.0,529.0,106.0,13.0,0.0,0.0,0.0
2020.0,1.0,Santa Fe,17656.0,696.0,18011.0,9166.0,193370.0,48456.0,138868.0,32605.0,512.0,1829.0,1.0
2020.0,1.0,Santiago Del Estero,4501.0,133.0,2554.0,1357.0,30954.0,135.0,1529.0,1269.0,0.0,1.0,0.0
2020.0,1.0,Tierra Del Fuego,7046.0,11.0,104.0,0.0,22873.0,196.0,518.0,0.0,0.0,0.0,0.0
2020.0,1.0,Tucumán,0.0,52.0,3747.0,28.0,45877.0,1730.0,38948.0,27402.0,0.0,1186.0,0.0
2019.0,4.0,Buenos Aires,20676.0,33489.0,65233.0,25960.0,1113790.0,452570.0,1247069.0,198362.0,115.0,19353.0,234.0
2019.0,4.0,Capital Federal,0.0,307.0,6072.0,429.0,170612.0,205810.0,596959.0,124224.0,8933.0,23576.0,113.0
2019.0,4.0,Catamarca,3098.0,63.0,891.0,263.0,8791.0,804.0,4698.0,2532.0,0.0,247.0,0.0
2019.0,4.0,Chaco,6988.0,83.0,2894.0,963.0,22042.0,13516.0,16320.0,4534.0,0.0,702.0,0.0
2019.0,4.0,Chubut,4121.0,158.0,933.0,7729.0,60747.0,1240.0,613.0,1.0,0.0,0.0,0.0
2019.0,4.0,Córdoba,10350.0,142.0,19943.0,11076.0,201762.0,114111.0,180936.0,37082.0,35.0,3684.0,5.0
2019.0,4.0,Corrientes,4995.0,72.0,6157.0,710.0,28188.0,9981.0,11640.0,3599.0,0.0,505.0,0.0
2019.0,4.0,Entre Ríos,14178.0,47.0,8407.0,4231.0,75565.0,18976.0,24084.0,5665.0,1.0,403.0,0.0
2019.0,4.0,Formosa,243.0,1127.0,2268.0,1498.0,21031.0,1766.0,4502.0,1155.0,0.0,14.0,0.0
2019.0,4.0,Jujuy,14122.0,55.0,7300.0,4950.0,20670.0,102.0,2533.0,2733.0,1.0,19.0,0.0
2019.0,4.0,La Pampa,1566.0,293.0,3621.0,6989.0,66450.0,1287.0,1261.0,8.0,73.0,0.0,0.0
2019.0,4.0,La Rioja,0.0,21.0,716.0,0.0,37130.0,22.0,80.0,1225.0,0.0,0.0,0.0
2019.0,4.0,Mendoza,6901.0,746.0,2181.0,2307.0,140660.0,2165.0,1908.0,640.0,0.0,80.0,0.0
2019.0,4.0,Misiones,11508.0,71.0,3486.0,514.0,35664.0,15626.0,16490.0,3921.0,0.0,388.0,0.0
2019.0,4.0,Neuquén,0.0,218.0,803.0,3614.0,52954.0,12059.0,27256.0,6868.0,0.0,877.0,0.0
2019.0,4.0,Río Negro,17019.0,114.0,1267.0,4274.0,66306.0,6968.0,16476.0,3353.0,1.0,7.0,0.0
2019.0,4.0,Salta,7120.0,149.0,2809.0,1756.0,37595.0,14170.0,19535.0,6093.0,0.0,193.0,0.0
2019.0,4.0,San Juan,1246.0,48.0,664.0,798.0,59165.0,40.0,80.0,47.0,0.0,0.0,0.0
2019.0,4.0,San Luis,36287.0,105.0,386.0,564.0,10951.0,55216.0,0.0,3.0,0.0,0.0,0.0
2019.0,4.0,Santa Cruz,350.0,67.0,5414.0,2349.0,24605.0,7.0,7.0,1.0,0.0,0.0,0.0
2019.0,4.0,Santa Fe,27472.0,698.0,19145.0,10471.0,200618.0,70998.0,103473.0,30123.0,511.0,1456.0,13.0
2019.0,4.0,Santiago Del Estero,5017.0,133.0,2639.0,1357.0,31823.0,105.0,1196.0,1252.0,0.0,1.0,0.0
2019.0,4.0,Tierra Del Fuego,7789.0,11.0,105.0,0.0,23488.0,139.0,1962.0,0.0,0.0,0.0,0.0
2019.0,4.0,Tucumán,0.0,55.0,4002.0,388.0,50154.0,6405.0,29514.0,26274.0,0.0,919.0,0.0
2019.0,3.0,Buenos Aires,30844.0,238920.0,61101.0,27450.0,1388819.0,483606.0,1067705.0,163242.0,21.0,15045.0,161.0
2019.0,3.0,Capital Federal,0.0,105.0,6131.0,472.0,263468.0,258597.0,515421.0,108715.0,8932.0,20360.0,75.0
2019.0,3.0,Catamarca,2169.0,34.0,1056.0,242.0,13194.0,72.0,15.0,0.0,0.0,0.0,0.0
2019.0,3.0,Chaco,9141.0,69.0,3013.0,962.0,30005.0,12987.0,12523.0,3706.0,0.0,511.0,0.0
2019.0,3.0,Chubut,3353.0,74.0,1092.0,8472.0,53956.0,1240.0,613.0,1.0,0.0,0.0,0.0
2019.0,3.0,Córdoba,8065.0,83.0,20240.0,16835.0,208900.0,146255.0,122886.0,31441.0,266.0,2702.0,243.0
2019.0,3.0,Corrientes,6883.0,10.0,6341.0,710.0,35777.0,10388.0,9209.0,3064.0,0.0,401.0,0.0
2019.0,3.0,Entre Ríos,16895.0,19.0,8601.0,4277.0,91224.0,21216.0,17291.0,5059.0,1.0,294.0,0.0
2019.0,3.0,Formosa,100.0,1110.0,2364.0,1499.0,21122.0,2262.0,3498.0,944.0,0.0,1.0,0.0
2019.0,3.0,Jujuy,14140.0,27.0,7248.0,4928.0,20431.0,56.0,1153.0,2517.0,1.0,0.0,0.0
2019.0,3.0,La Pampa,1620.0,237.0,8056.0,6698.0,64384.0,1359.0,861.0,7.0,73.0,0.0,0.0
2019.0,3.0,La Rioja,0.0,9.0,789.0,0.0,37877.0,22.0,47.0,1260.0,0.0,0.0,0.0
2019.0,3.0,Mendoza,1563.0,21.0,2492.0,3099.0,202499.0,1273.0,223.0,108.0,8.0,0.0,0.0
2019.0,3.0,Misiones,14990.0,47.0,3927.0,453.0,41078.0,16107.0,12933.0,3447.0,0.0,270.0,0.0
2019.0,3.0,Neuquén,645.0,45.0,6459.0,6455.0,52253.0,16931.0,21026.0,6331.0,3.0,782.0,308.0
2019.0,3.0,Río Negro,17771.0,47.0,2043.0,4781.0,81845.0,10203.0,12089.0,3009.0,2.0,6.0,372.0
2019.0,3.0,Salta,7412.0,49.0,2845.0,1619.0,39596.0,11418.0,8796.0,3561.0,0.0,0.0,0.0
2019.0,3.0,San Juan,909.0,22.0,671.0,796.0,67019.0,41.0,81.0,47.0,0.0,0.0,0.0
2019.0,3.0,San Luis,36073.0,57.0,391.0,564.0,17788.0,62244.0,0.0,3.0,0.0,0.0,0.0
2019.0,3.0,Santa Cruz,540.0,28.0,5469.0,2346.0,23881.0,27.0,3.0,1.0,0.0,0.0,0.0
2019.0,3.0,Santa Fe,27895.0,640.0,22351.0,9928.0,218359.0,84333.0,69469.0,26048.0,510.0,1035.0,12.0
2019.0,3.0,Santiago Del Estero,35001.0,39.0,2773.0,1116.0,33497.0,86.0,676.0,1159.0,1.0,0.0,0.0
2019.0,3.0,Tierra Del Fuego,9678.0,6.0,119.0,0.0,32028.0,82.0,224.0,2.0,0.0,0.0,0.0
2019.0,3.0,Tucumán,0.0,16.0,3954.0,382.0,66504.0,843.0,3782.0,16603.0,0.0,0.0,0.0
2019.0,2.0,Buenos Aires,43438.0,199768.0,63051.0,25523.0,1394537.0,502309.0,849381.0,131594.0,15.0,4642.0,101.0
2019.0,2.0,Capital Federal,0.0,74.0,7005.0,1390.0,274002.0,296161.0,378205.0,93544.0,44.0,4145.0,47.0
2019.0,2.0,Catamarca,2151.0,34.0,1284.0,151.0,15239.0,34.0,10.0,0.0,0.0,0.0,0.0
2019.0,2.0,Chaco,1492.0,69.0,3376.0,485.0,36010.0,15348.0,6994.0,2741.0,0.0,169.0,0.0
2019.0,2.0,Chubut,4500.0,66.0,4017.0,3839.0,65128.0,74.0,164.0,1.0,0.0,0.0,0.0
2019.0,2.0,Córdoba,8938.0,81.0,22102.0,15376.0,219114.0,170167.0,48804.0,26346.0,23.0,872.0,0.0
2019.0,2.0,Corrientes,6080.0,10.0,6423.0,669.0,36344.0,11928.0,4571.0,2472.0,0.0,76.0,0.0
2019.0,2.0,Entre Ríos,17206.0,18.0,9944.0,2606.0,94042.0,24221.0,6650.0,3975.0,1.0,38.0,0.0
2019.0,2.0,Formosa,100.0,1110.0,2572.0,1515.0,22774.0,2639.0,1672.0,586.0,0.0,0.0,0.0
2019.0,2.0,Jujuy,21765.0,27.0,2539.0,4885.0,19749.0,27.0,303.0,2296.0,1.0,0.0,0.0
2019.0,2.0,La Pampa,2661.0,236.0,8324.0,6552.0,63819.0,1445.0,547.0,9.0,73.0,0.0,0.0
2019.0,2.0,La Rioja,0.0,9.0,926.0,2.0,38902.0,13.0,22.0,1276.0,0.0,0.0,0.0
2019.0,2.0,Mendoza,0.0,20.0,3006.0,5082.0,199599.0,1266.0,155.0,61.0,8.0,0.0,0.0
2019.0,2.0,Misiones,12206.0,47.0,4268.0,259.0,43468.0,18882.0,5407.0,2700.0,0.0,22.0,0.0
2019.0,2.0,Neuquén,422.0,302.0,3438.0,873.0,60503.0,21219.0,8827.0,5117.0,0.0,179.0,0.0
2019.0,2.0,Río Negro,18519.0,384.0,1653.0,4370.0,81697.0,12434.0,4658.0,2220.0,2.0,0.0,0.0
2019.0,2.0,Salta,7585.0,49.0,3309.0,1523.0,55780.0,14059.0,3948.0,2513.0,0.0,0.0,0.0
2019.0,2.0,San Juan,6119.0,22.0,221.0,0.0,60905.0,7.0,1.0,3.0,0.0,0.0,0.0
2019.0,2.0,San Luis,37977.0,57.0,114.0,0.0,16563.0,57238.0,0.0,3.0,0.0,0.0,0.0
2019.0,2.0,Santa Cruz,0.0,25.0,128.0,3.0,24814.0,28.0,3.0,1.0,0.0,0.0,0.0
2019.0,2.0,Santa Fe,22323.0,321.0,23528.0,9844.0,275179.0,100139.0,28994.0,20077.0,502.0,273.0,11.0
2019.0,2.0,Santiago Del Estero,34501.0,39.0,2912.0,1117.0,61071.0,108.0,214.0,990.0,1.0,0.0,0.0
2019.0,2.0,Tierra Del Fuego,0.0,6.0,123.0,0.0,41824.0,96.0,30.0,2.0,0.0,0.0,0.0
2019.0,2.0,Tucumán,0.0,16.0,4491.0,384.0,74173.0,628.0,1496.0,16898.0,0.0,0.0,0.0
2019.0,1.0,Buenos Aires,6369.0,162513.0,72296.0,38585.0,1391379.0,578236.0,606414.0,97099.0,879.0,0.0,0.0
2019.0,1.0,Capital Federal,0.0,74.0,7417.0,1423.0,282364.0,365719.0,212889.0,69990.0,578.0,0.0,0.0
2019.0,1.0,Catamarca,2151.0,34.0,1708.0,6.0,18755.0,29.0,7.0,0.0,0.0,0.0,0.0
2019.0,1.0,Chaco,1035.0,69.0,3801.0,486.0,38233.0,12393.0,4642.0,1726.0,0.0,0.0,0.0
2019.0,1.0,Chubut,0.0,66.0,3938.0,3377.0,67700.0,74.0,164.0,1.0,0.0,0.0,0.0
2019.0,1.0,Córdoba,6806.0,81.0,20403.0,13585.0,229184.0,127973.0,32274.0,18411.0,23.0,0.0,0.0
2019.0,1.0,Corrientes,0.0,10.0,6470.0,451.0,37951.0,9688.0,3568.0,1461.0,0.0,0.0,0.0
2019.0,1.0,Entre Ríos,12142.0,18.0,9217.0,2426.0,104587.0,18146.0,4949.0,2669.0,1.0,0.0,0.0
2019.0,1.0,Formosa,0.0,1110.0,3023.0,985.0,22100.0,2099.0,1446.0,208.0,0.0,0.0,0.0
2019.0,1.0,Jujuy,37162.0,27.0,2817.0,2542.0,28185.0,30.0,14.0,1126.0,1.0,0.0,0.0
2019.0,1.0,La Pampa,698.0,236.0,8327.0,6551.0,63987.0,1354.0,329.0,11.0,65.0,0.0,0.0
2019.0,1.0,La Rioja,0.0,9.0,1169.0,3.0,40282.0,17.0,5.0,864.0,0.0,0.0,0.0
2019.0,1.0,Mendoza,0.0,20.0,1786.0,4580.0,200803.0,121.0,114.0,11.0,5.0,0.0,0.0
2019.0,1.0,Misiones,7654.0,47.0,5946.0,163.0,45103.0,16552.0,3635.0,1532.0,0.0,0.0,0.0
2019.0,1.0,Neuquén,6105.0,1328.0,3055.0,845.0,51515.0,17144.0,7384.0,3633.0,0.0,0.0,0.0
2019.0,1.0,Río Negro,3719.0,384.0,1583.0,3991.0,80854.0,9594.0,3540.0,1507.0,2.0,0.0,0.0
2019.0,1.0,Salta,1.0,49.0,4232.0,1977.0,57267.0,10861.0,1286.0,956.0,0.0,0.0,0.0
2019.0,1.0,San Juan,560.0,22.0,229.0,0.0,62380.0,3.0,1.0,1.0,0.0,0.0,0.0
2019.0,1.0,San Luis,23577.0,57.0,120.0,0.0,21380.0,8.0,0.0,0.0,0.0,0.0,0.0
2019.0,1.0,Santa Cruz,0.0,25.0,128.0,3.0,21987.0,26.0,3.0,1.0,0.0,0.0,0.0
2019.0,1.0,Santa Fe,18591.0,333.0,29350.0,11800.0,284998.0,74583.0,22442.0,13550.0,502.0,0.0,0.0
2019.0,1.0,Santiago Del Estero,0.0,39.0,3372.0,1003.0,61892.0,85.0,36.0,458.0,0.0,0.0,0.0
2019.0,1.0,Tierra Del Fuego,0.0,6.0,131.0,0.0,38851.0,80.0,29.0,0.0,0.0,0.0,0.0
2019.0,1.0,Tucumán,0.0,16.0,5188.0,280.0,81960.0,847.0,377.0,14462.0,0.0,0.0,0.0
2018.0,4.0,Buenos Aires,19125.0,134673.0,73761.0,37528.0,1384935.0,950470.0,186357.0,77293.0,359.0,0.0,0.0
2018.0,4.0,Capital Federal,0.0,74.0,7388.0,1412.0,281869.0,437668.0,121584.0,64885.0,335.0,0.0,0.0
2018.0,4.0,Catamarca,2003.0,34.0,1669.0,6.0,17949.0,29.0,7.0,0.0,0.0,0.0,0.0
2018.0,4.0,Chaco,0.0,69.0,3405.0,486.0,35951.0,12393.0,4642.0,1726.0,0.0,0.0,0.0
2018.0,4.0,Chubut,1144.0,66.0,3917.0,3357.0,62704.0,623.0,164.0,1.0,0.0,0.0,0.0
2018.0,4.0,Córdoba,8903.0,81.0,24102.0,5490.0,222985.0,128062.0,30358.0,18420.0,22.0,0.0,0.0
2018.0,4.0,Corrientes,0.0,10.0,6438.0,451.0,36925.0,9688.0,3568.0,1461.0,0.0,0.0,0.0
2018.0,4.0,Entre Ríos,13693.0,18.0,8769.0,2220.0,92560.0,18146.0,4943.0,2669.0,0.0,0.0,0.0
2018.0,4.0,Formosa,0.0,1110.0,3074.0,1000.0,21962.0,2092.0,1446.0,208.0,0.0,0.0,0.0
2018.0,4.0,Jujuy,43573.0,27.0,2803.0,2542.0,28185.0,30.0,14.0,1126.0,1.0,0.0,0.0
2018.0,4.0,La Pampa,923.0,241.0,7727.0,6453.0,64055.0,1328.0,194.0,11.0,65.0,0.0,0.0
2018.0,4.0,La Rioja,3.0,9.0,1164.0,3.0,40282.0,17.0,5.0,864.0,0.0,0.0,0.0
2018.0,4.0,Mendoza,0.0,20.0,1463.0,4182.0,193268.0,29.0,115.0,5.0,2.0,0.0,0.0
2018.0,4.0,Misiones,0.0,47.0,5981.0,163.0,43104.0,16566.0,3635.0,1532.0,0.0,0.0,0.0
2018.0,4.0,Neuquén,6287.0,1328.0,3044.0,818.0,51495.0,17144.0,7384.0,3632.0,0.0,0.0,0.0
2018.0,4.0,Río Negro,3094.0,384.0,1225.0,4217.0,79195.0,9596.0,3534.0,1507.0,2.0,0.0,0.0
2018.0,4.0,Salta,0.0,49.0,3659.0,1858.0,56634.0,10861.0,1286.0,956.0,0.0,0.0,0.0
2018.0,4.0,San Juan,606.0,22.0,1465.0,0.0,59811.0,1.0,1.0,0.0,0.0,0.0,0.0
2018.0,4.0,San Luis,23635.0,57.0,109.0,0.0,19164.0,64.0,0.0,0.0,0.0,0.0,0.0
2018.0,4.0,Santa Cruz,531.0,25.0,115.0,143.0,22964.0,1.0,3.0,1.0,0.0,0.0,0.0
2018.0,4.0,Santa Fe,28450.0,335.0,31397.0,9830.0,266471.0,74440.0,22358.0,13560.0,501.0,0.0,0.0
2018.0,4.0,Santiago Del Estero,326.0,39.0,3250.0,1011.0,60336.0,77.0,29.0,454.0,0.0,0.0,0.0
2018.0,4.0,Tierra Del Fuego,0.0,6.0,27.0,0.0,29919.0,24.0,67.0,0.0,0.0,0.0,0.0
2018.0,4.0,Tucumán,92.0,16.0,5244.0,298.0,81791.0,847.0,377.0,14462.0,0.0,0.0,0.0
2018.0,3.0,Buenos Aires,120987.0,991.0,80459.0,44241.0,1401492.0,898916.0,175390.0,60547.0,359.0,0.0,0.0
2018.0,3.0,Capital Federal,0.0,73.0,8493.0,1504.0,286415.0,415036.0,113028.0,51676.0,335.0,0.0,0.0
2018.0,3.0,Catamarca,2004.0,34.0,1994.0,6.0,18469.0,34.0,7.0,0.0,0.0,0.0,0.0
2018.0,3.0,Chaco,1035.0,70.0,3503.0,225.0,35197.0,11085.0,4396.0,1271.0,0.0,0.0,0.0
2018.0,3.0,Chubut,1142.0,67.0,3951.0,3261.0,87835.0,623.0,164.0,0.0,0.0,0.0,0.0
2018.0,3.0,Córdoba,8996.0,81.0,24767.0,6466.0,218005.0,109344.0,25921.0,13902.0,20.0,0.0,0.0
2018.0,3.0,Corrientes,0.0,11.0,6754.0,1786.0,36575.0,8357.0,3329.0,1089.0,1.0,0.0,0.0
2018.0,3.0,Entre Ríos,546.0,18.0,9048.0,5629.0,90466.0,15111.0,4626.0,2157.0,3.0,0.0,0.0
2018.0,3.0,Formosa,8.0,1110.0,3365.0,875.0,21749.0,1729.0,1389.0,45.0,0.0,0.0,0.0
2018.0,3.0,Jujuy,38.0,345.0,3020.0,3.0,29045.0,39.0,10.0,612.0,1.0,0.0,0.0
2018.0,3.0,La Pampa,780.0,242.0,8417.0,6050.0,62457.0,1189.0,154.0,26.0,36.0,0.0,0.0
2018.0,3.0,La Rioja,3.0,9.0,1291.0,3.0,40644.0,20.0,2.0,337.0,0.0,0.0,0.0
2018.0,3.0,Mendoza,0.0,20.0,1525.0,2234.0,195891.0,37.0,115.0,2.0,2.0,0.0,0.0
2018.0,3.0,Misiones,0.0,48.0,5749.0,163.0,36902.0,14674.0,3368.0,1179.0,0.0,0.0,0.0
2018.0,3.0,Neuquén,6888.0,1396.0,2244.0,275.0,55547.0,15227.0,6924.0,2785.0,0.0,0.0,0.0
2018.0,3.0,Río Negro,3707.0,409.0,5221.0,2142.0,73787.0,8497.0,3196.0,1108.0,1.0,0.0,0.0
2018.0,3.0,Salta,0.0,116.0,3721.0,1847.0,59109.0,9238.0,227.0,261.0,0.0,0.0,0.0
2018.0,3.0,San Juan,112.0,22.0,1326.0,0.0,62525.0,3.0,1.0,0.0,0.0,0.0,0.0
2018.0,3.0,San Luis,1961.0,57.0,109.0,0.0,19170.0,65.0,0.0,0.0,0.0,0.0,0.0
2018.0,3.0,Santa Cruz,54.0,26.0,116.0,143.0,32672.0,1.0,3.0,0.0,0.0,0.0,0.0
2018.0,3.0,Santa Fe,16439.0,467.0,36786.0,10517.0,258694.0,62565.0,20146.0,10532.0,502.0,0.0,0.0
2018.0,3.0,Santiago Del Estero,258.0,41.0,2550.0,959.0,59301.0,66.0,13.0,250.0,0.0,0.0,0.0
2018.0,3.0,Tierra Del Fuego,1264.0,6.0,187.0,0.0,41569.0,24.0,13.0,0.0,0.0,0.0,0.0
2018.0,3.0,Tucumán,126.0,16.0,5993.0,199.0,81360.0,941.0,246.0,11941.0,0.0,0.0,0.0
2018.0,2.0,Buenos Aires,111742.0,1009.0,81354.0,50912.0,1408531.0,536868.0,148508.0,50034.0,228.0,0.0,0.0
2018.0,2.0,Capital Federal,0.0,73.0,9234.0,1598.0,286712.0,264821.0,103200.0,38737.0,300.0,0.0,0.0
2018.0,2.0,Catamarca,6516.0,34.0,2414.0,4.0,14620.0,36.0,6.0,0.0,0.0,0.0,0.0
2018.0,2.0,Chaco,1266.0,70.0,2968.0,34.0,34133.0,9284.0,3782.0,815.0,0.0,0.0,0.0
2018.0,2.0,Chubut,5041.0,67.0,4471.0,3341.0,82257.0,5.0,9.0,0.0,0.0,0.0,0.0
2018.0,2.0,Córdoba,10894.0,81.0,21779.0,5976.0,213654.0,78863.0,24025.0,10899.0,15.0,0.0,0.0
2018.0,2.0,Corrientes,0.0,11.0,7047.0,1786.0,36479.0,6780.0,3127.0,734.0,1.0,0.0,0.0
2018.0,2.0,Entre Ríos,546.0,18.0,8179.0,4525.0,89934.0,12012.0,4130.0,1787.0,3.0,0.0,0.0
2018.0,2.0,Formosa,8.0,1110.0,3568.0,866.0,21543.0,1313.0,1211.0,32.0,0.0,0.0,0.0
2018.0,2.0,Jujuy,38.0,345.0,3320.0,3.0,29316.0,44.0,6.0,0.0,1.0,0.0,0.0
2018.0,2.0,La Pampa,775.0,244.0,8797.0,6050.0,62033.0,969.0,117.0,26.0,36.0,0.0,0.0
2018.0,2.0,La Rioja,3.0,9.0,1384.0,3.0,40676.0,20.0,2.0,13.0,0.0,0.0,0.0
2018.0,2.0,Mendoza,33808.0,20.0,1658.0,2228.0,162368.0,27.0,56.0,6.0,0.0,0.0,0.0
2018.0,2.0,Misiones,0.0,48.0,6092.0,163.0,36774.0,11888.0,3088.0,778.0,0.0,0.0,0.0
2018.0,2.0,Neuquén,7285.0,1396.0,2408.0,276.0,55759.0,12451.0,6648.0,1894.0,0.0,0.0,0.0
2018.0,2.0,Río Negro,4081.0,409.0,5298.0,2142.0,72914.0,6690.0,2913.0,785.0,0.0,0.0,0.0
2018.0,2.0,Salta,0.0,116.0,3990.0,1849.0,59075.0,7253.0,83.0,85.0,0.0,0.0,0.0
2018.0,2.0,San Juan,5096.0,22.0,1378.0,0.0,57591.0,3.0,0.0,0.0,0.0,0.0,0.0
2018.0,2.0,San Luis,9298.0,57.0,101.0,0.0,11992.0,9.0,0.0,0.0,0.0,0.0,0.0
2018.0,2.0,Santa Cruz,4900.0,26.0,120.0,143.0,28457.0,1.0,3.0,0.0,0.0,0.0,0.0
2018.0,2.0,Santa Fe,22218.0,744.0,34267.0,9695.0,252908.0,50611.0,18142.0,8282.0,2.0,0.0,0.0
2018.0,2.0,Santiago Del Estero,17594.0,41.0,2717.0,955.0,40407.0,33.0,1.0,28.0,0.0,0.0,0.0
2018.0,2.0,Tierra Del Fuego,1309.0,6.0,188.0,0.0,40912.0,0.0,0.0,0.0,0.0,0.0,0.0
2018.0,2.0,Tucumán,1412.0,16.0,6735.0,199.0,79700.0,1084.0,152.0,8632.0,0.0,0.0,0.0
2018.0,1.0,Buenos Aires,105818.0,1514.0,74766.0,44592.0,1401160.0,481226.0,146474.0,34511.0,2229.0,0.0,0.0
2018.0,1.0,Capital Federal,0.0,89.0,10039.0,889.0,291677.0,227970.0,100607.0,25149.0,1611.0,0.0,0.0
2018.0,1.0,Catamarca,6500.0,34.0,2896.0,0.0,14770.0,41.0,0.0,0.0,4.0,0.0,0.0
2018.0,1.0,Chaco,1035.0,70.0,3261.0,22.0,32494.0,8252.0,3417.0,373.0,74.0,0.0,0.0
2018.0,1.0,Chubut,5010.0,67.0,4314.0,1104.0,82057.0,5.0,9.0,0.0,0.0,0.0,0.0
2018.0,1.0,Córdoba,10049.0,281.0,23922.0,3313.0,219502.0,57148.0,22354.0,3775.0,3088.0,0.0,0.0
2018.0,1.0,Corrientes,0.0,11.0,5005.0,1335.0,35817.0,5890.0,2902.0,341.0,13.0,0.0,0.0
2018.0,1.0,Entre Ríos,0.0,18.0,8861.0,4872.0,85208.0,9818.0,3646.0,406.0,1019.0,0.0,0.0
2018.0,1.0,Formosa,0.0,1110.0,3803.0,773.0,9319.0,1091.0,994.0,34.0,18.0,0.0,0.0
2018.0,1.0,Jujuy,0.0,345.0,4807.0,0.0,27219.0,49.0,0.0,0.0,4.0,0.0,0.0
2018.0,1.0,La Pampa,3503.0,245.0,8119.0,4766.0,62338.0,624.0,85.0,3.0,0.0,0.0,0.0
2018.0,1.0,La Rioja,0.0,9.0,1485.0,0.0,40680.0,19.0,1.0,0.0,0.0,0.0,0.0
2018.0,1.0,Mendoza,33788.0,20.0,1662.0,2228.0,162371.0,29.0,56.0,6.0,0.0,0.0,0.0
2018.0,1.0,Misiones,0.0,48.0,4700.0,95.0,35725.0,10241.0,2843.0,357.0,19.0,0.0,0.0
2018.0,1.0,Neuquén,6105.0,1396.0,2367.0,211.0,59257.0,9718.0,6375.0,994.0,0.0,0.0,0.0
2018.0,1.0,Río Negro,3975.0,409.0,5333.0,2142.0,72752.0,4999.0,2676.0,426.0,0.0,0.0,0.0
2018.0,1.0,Salta,0.0,116.0,4459.0,1220.0,59114.0,5159.0,58.0,0.0,16.0,0.0,0.0
2018.0,1.0,San Juan,5068.0,22.0,1058.0,0.0,57078.0,3.0,0.0,0.0,0.0,0.0,0.0
2018.0,1.0,San Luis,9284.0,57.0,101.0,0.0,11920.0,9.0,0.0,0.0,0.0,0.0,0.0
2018.0,1.0,Santa Cruz,4267.0,26.0,120.0,143.0,28457.0,1.0,3.0,0.0,0.0,0.0,0.0
2018.0,1.0,Santa Fe,23181.0,1359.0,33639.0,7668.0,254340.0,39675.0,16905.0,3306.0,2504.0,0.0,0.0
2018.0,1.0,Santiago Del Estero,17589.0,41.0,2910.0,845.0,40453.0,35.0,0.0,0.0,0.0,0.0,0.0
2018.0,1.0,Tierra Del Fuego,107.0,6.0,307.0,0.0,33987.0,0.0,0.0,0.0,0.0,0.0,0.0
2018.0,1.0,Tucumán,1305.0,16.0,7472.0,132.0,78679.0,1218.0,0.0,0.0,7082.0,0.0,0.0
2017.0,4.0,Buenos Aires,114182.0,3865.0,55046.0,29124.0,1522070.0,336919.0,124956.0,24790.0,222.0,0.0,0.0
2017.0,4.0,Capital Federal,0.0,314.0,31411.0,788.0,516230.0,179712.0,91223.0,19801.0,2599.0,0.0,0.0
2017.0,4.0,Catamarca,2151.0,34.0,3182.0,0.0,15315.0,43.0,0.0,0.0,2.0,0.0,0.0
2017.0,4.0,Chaco,1035.0,70.0,3432.0,22.0,37122.0,7334.0,2926.0,259.0,60.0,0.0,0.0
2017.0,4.0,Chubut,0.0,67.0,4313.0,1104.0,82572.0,5.0,9.0,0.0,0.0,0.0,0.0
2017.0,4.0,Córdoba,8429.0,291.0,25411.0,1340.0,279497.0,41045.0,19186.0,2579.0,2339.0,0.0,0.0
2017.0,4.0,Corrientes,0.0,11.0,5220.0,1337.0,39743.0,5067.0,2433.0,216.0,12.0,0.0,0.0
2017.0,4.0,Entre Ríos,0.0,1685.0,9078.0,3420.0,92046.0,7977.0,3114.0,320.0,660.0,0.0,0.0
2017.0,4.0,Formosa,0.0,1110.0,4061.0,122.0,13098.0,981.0,776.0,31.0,13.0,0.0,0.0
2017.0,4.0,Jujuy,0.0,345.0,5364.0,0.0,26566.0,44.0,0.0,0.0,3.0,0.0,0.0
2017.0,4.0,La Pampa,3503.0,310.0,8729.0,1213.0,64840.0,401.0,68.0,3.0,0.0,0.0,0.0
2017.0,4.0,La Rioja,0.0,9.0,1488.0,0.0,40777.0,24.0,1.0,0.0,0.0,0.0,0.0
2017.0,4.0,Mendoza,0.0,26.0,1656.0,2228.0,175418.0,48.0,56.0,6.0,0.0,0.0,0.0
2017.0,4.0,Misiones,0.0,1053.0,3900.0,18.0,41705.0,9110.0,2465.0,233.0,18.0,0.0,0.0
2017.0,4.0,Neuquén,6105.0,1396.0,2372.0,212.0,67824.0,7569.0,5579.0,680.0,0.0,0.0,0.0
2017.0,4.0,Río Negro,3719.0,409.0,5598.0,2161.0,78917.0,3482.0,2160.0,245.0,0.0,0.0,0.0
2017.0,4.0,Salta,0.0,636.0,4275.0,15.0,73269.0,3588.0,45.0,0.0,10.0,0.0,0.0
2017.0,4.0,San Juan,0.0,22.0,1062.0,0.0,57525.0,4.0,0.0,0.0,0.0,0.0,0.0
2017.0,4.0,San Luis,1902.0,59.0,101.0,0.0,12822.0,8.0,0.0,0.0,0.0,0.0,0.0
2017.0,4.0,Santa Cruz,0.0,68.0,78.0,143.0,28930.0,1.0,3.0,0.0,0.0,0.0,0.0
2017.0,4.0,Santa Fe,14119.0,3109.0,34132.0,3994.0,306004.0,30975.0,15221.0,2540.0,1602.0,0.0,0.0
2017.0,4.0,Santiago Del Estero,0.0,41.0,3091.0,13.0,43531.0,34.0,0.0,0.0,0.0,0.0,0.0
2017.0,4.0,Tierra Del Fuego,0.0,6.0,310.0,0.0,31334.0,0.0,0.0,0.0,0.0,0.0,0.0
2017.0,4.0,Tucumán,0.0,105.0,8164.0,0.0,78750.0,1303.0,0.0,0.0,4367.0,0.0,0.0
,,,,0.0,0.0,0.0,0.0,0.0,0.0,0.0,0.0,0.0,0.0
